{
  "id": "7eaff2ae-a34d-4756-bc25-56c6c67f320c",
  "prevId": "00000000-0000-0000-0000-000000000000",
  "version": "7",
  "dialect": "postgresql",
  "tables": {
    "public.assessment_results": {
      "name": "assessment_results",
      "schema": "",
      "columns": {
        "id": {
          "name": "id",
          "type": "serial",
          "primaryKey": true,
          "notNull": true
        },
        "user_id": {
          "name": "user_id",
          "type": "integer",
          "primaryKey": false,
          "notNull": true
        },
        "assessment_type": {
          "name": "assessment_type",
          "type": "text",
          "primaryKey": false,
          "notNull": true
        },
        "score": {
          "name": "score",
          "type": "numeric(5, 2)",
          "primaryKey": false,
          "notNull": true
        },
        "passing_score": {
          "name": "passing_score",
          "type": "numeric(5, 2)",
          "primaryKey": false,
          "notNull": true
        },
        "passed": {
          "name": "passed",
          "type": "boolean",
          "primaryKey": false,
          "notNull": true
        },
        "feedback": {
          "name": "feedback",
          "type": "text",
          "primaryKey": false,
          "notNull": false
        },
        "completed_at": {
          "name": "completed_at",
          "type": "timestamp",
          "primaryKey": false,
          "notNull": false,
          "default": "now()"
        }
      },
      "indexes": {},
      "foreignKeys": {
        "assessment_results_user_id_users_id_fk": {
          "name": "assessment_results_user_id_users_id_fk",
          "tableFrom": "assessment_results",
          "tableTo": "users",
          "columnsFrom": [
            "user_id"
          ],
          "columnsTo": [
            "id"
          ],
          "onDelete": "no action",
          "onUpdate": "no action"
        }
      },
      "compositePrimaryKeys": {},
      "uniqueConstraints": {},
      "policies": {},
      "checkConstraints": {},
      "isRLSEnabled": false
    },
    "public.certifications": {
      "name": "certifications",
      "schema": "",
      "columns": {
        "id": {
          "name": "id",
          "type": "serial",
          "primaryKey": true,
          "notNull": true
        },
        "user_id": {
          "name": "user_id",
          "type": "integer",
          "primaryKey": false,
          "notNull": true
        },
        "certification_level": {
          "name": "certification_level",
          "type": "text",
          "primaryKey": false,
          "notNull": true
        },
        "issued_date": {
          "name": "issued_date",
          "type": "timestamp",
          "primaryKey": false,
          "notNull": false,
          "default": "now()"
        },
        "expiry_date": {
          "name": "expiry_date",
          "type": "timestamp",
          "primaryKey": false,
          "notNull": false
        },
        "certificate_url": {
          "name": "certificate_url",
          "type": "text",
          "primaryKey": false,
          "notNull": false
        },
        "created_at": {
          "name": "created_at",
          "type": "timestamp",
          "primaryKey": false,
          "notNull": false,
          "default": "now()"
        }
      },
      "indexes": {},
      "foreignKeys": {
        "certifications_user_id_users_id_fk": {
          "name": "certifications_user_id_users_id_fk",
          "tableFrom": "certifications",
          "tableTo": "users",
          "columnsFrom": [
            "user_id"
          ],
          "columnsTo": [
            "id"
          ],
          "onDelete": "no action",
          "onUpdate": "no action"
        }
      },
      "compositePrimaryKeys": {},
      "uniqueConstraints": {},
      "policies": {},
      "checkConstraints": {},
      "isRLSEnabled": false
    },
    "public.lessons": {
      "name": "lessons",
      "schema": "",
      "columns": {
        "id": {
          "name": "id",
          "type": "serial",
          "primaryKey": true,
          "notNull": true
        },
        "module": {
          "name": "module",
          "type": "integer",
          "primaryKey": false,
          "notNull": true
        },
        "week": {
          "name": "week",
          "type": "integer",
          "primaryKey": false,
          "notNull": true
        },
        "day": {
          "name": "day",
          "type": "integer",
          "primaryKey": false,
          "notNull": true
        },
        "lesson_title": {
          "name": "lesson_title",
          "type": "text",
          "primaryKey": false,
          "notNull": true
        },
        "lesson_content": {
          "name": "lesson_content",
          "type": "text",
          "primaryKey": false,
          "notNull": true
        },
        "lesson_type": {
          "name": "lesson_type",
          "type": "text",
          "primaryKey": false,
          "notNull": true
        },
        "duration": {
          "name": "duration",
          "type": "integer",
          "primaryKey": false,
          "notNull": true
        },
        "created_at": {
          "name": "created_at",
          "type": "timestamp",
          "primaryKey": false,
          "notNull": false,
          "default": "now()"
        }
      },
      "indexes": {},
      "foreignKeys": {},
      "compositePrimaryKeys": {},
      "uniqueConstraints": {},
      "policies": {},
      "checkConstraints": {},
      "isRLSEnabled": false
    },
    "public.quiz_results": {
      "name": "quiz_results",
      "schema": "",
      "columns": {
        "id": {
          "name": "id",
          "type": "serial",
          "primaryKey": true,
          "notNull": true
        },
        "user_id": {
          "name": "user_id",
          "type": "integer",
          "primaryKey": false,
          "notNull": true
        },
        "quiz_type": {
          "name": "quiz_type",
          "type": "text",
          "primaryKey": false,
          "notNull": true
        },
        "score": {
          "name": "score",
          "type": "numeric(5, 2)",
          "primaryKey": false,
          "notNull": true
        },
        "total_questions": {
          "name": "total_questions",
          "type": "integer",
          "primaryKey": false,
          "notNull": true
        },
        "correct_answers": {
          "name": "correct_answers",
          "type": "integer",
          "primaryKey": false,
          "notNull": true
        },
        "time_spent_seconds": {
          "name": "time_spent_seconds",
          "type": "integer",
          "primaryKey": false,
          "notNull": false
        },
        "completed_at": {
          "name": "completed_at",
          "type": "timestamp",
          "primaryKey": false,
          "notNull": false,
          "default": "now()"
        }
      },
      "indexes": {},
      "foreignKeys": {
        "quiz_results_user_id_users_id_fk": {
          "name": "quiz_results_user_id_users_id_fk",
          "tableFrom": "quiz_results",
          "tableTo": "users",
          "columnsFrom": [
            "user_id"
          ],
          "columnsTo": [
            "id"
          ],
          "onDelete": "no action",
          "onUpdate": "no action"
        }
      },
      "compositePrimaryKeys": {},
      "uniqueConstraints": {},
      "policies": {},
      "checkConstraints": {},
      "isRLSEnabled": false
    },
    "public.scenarios": {
      "name": "scenarios",
      "schema": "",
      "columns": {
        "id": {
          "name": "id",
          "type": "serial",
          "primaryKey": true,
          "notNull": true
        },
        "scenario_name": {
          "name": "scenario_name",
          "type": "text",
          "primaryKey": false,
          "notNull": true
        },
        "scenario_description": {
          "name": "scenario_description",
          "type": "text",
          "primaryKey": false,
          "notNull": false
        },
        "difficulty": {
          "name": "difficulty",
          "type": "text",
          "primaryKey": false,
          "notNull": true
        },
        "customer_persona": {
          "name": "customer_persona",
          "type": "jsonb",
          "primaryKey": false,
          "notNull": false
        },
        "expected_responses": {
          "name": "expected_responses",
          "type": "jsonb",
          "primaryKey": false,
          "notNull": false
        },
        "cultural_context": {
          "name": "cultural_context",
          "type": "text",
          "primaryKey": false,
          "notNull": false
        },
        "created_at": {
          "name": "created_at",
          "type": "timestamp",
          "primaryKey": false,
          "notNull": false,
          "default": "now()"
        }
      },
      "indexes": {},
      "foreignKeys": {},
      "compositePrimaryKeys": {},
      "uniqueConstraints": {},
      "policies": {},
      "checkConstraints": {},
      "isRLSEnabled": false
    },
    "public.skill_mastery": {
      "name": "skill_mastery",
      "schema": "",
      "columns": {
        "id": {
          "name": "id",
          "type": "serial",
          "primaryKey": true,
          "notNull": true
        },
        "user_id": {
          "name": "user_id",
          "type": "integer",
          "primaryKey": false,
          "notNull": true
        },
        "skill_name": {
          "name": "skill_name",
          "type": "text",
          "primaryKey": false,
          "notNull": true
        },
        "skill_category": {
          "name": "skill_category",
          "type": "text",
          "primaryKey": false,
          "notNull": true
        },
        "mastery_score": {
          "name": "mastery_score",
          "type": "numeric(5, 2)",
          "primaryKey": false,
          "notNull": false,
          "default": "'0.00'"
        },
        "practice_count": {
          "name": "practice_count",
          "type": "integer",
          "primaryKey": false,
          "notNull": false,
          "default": 0
        },
        "last_practiced_at": {
          "name": "last_practiced_at",
          "type": "timestamp",
          "primaryKey": false,
          "notNull": false
        },
        "created_at": {
          "name": "created_at",
          "type": "timestamp",
          "primaryKey": false,
          "notNull": false,
          "default": "now()"
        },
        "updated_at": {
          "name": "updated_at",
          "type": "timestamp",
          "primaryKey": false,
          "notNull": false,
          "default": "now()"
        }
      },
      "indexes": {},
      "foreignKeys": {
        "skill_mastery_user_id_users_id_fk": {
          "name": "skill_mastery_user_id_users_id_fk",
          "tableFrom": "skill_mastery",
          "tableTo": "users",
          "columnsFrom": [
            "user_id"
          ],
          "columnsTo": [
            "id"
          ],
          "onDelete": "no action",
          "onUpdate": "no action"
        }
      },
      "compositePrimaryKeys": {},
      "uniqueConstraints": {},
      "policies": {},
      "checkConstraints": {},
      "isRLSEnabled": false
    },
    "public.speaking_sessions": {
      "name": "speaking_sessions",
      "schema": "",
      "columns": {
        "id": {
          "name": "id",
          "type": "serial",
          "primaryKey": true,
          "notNull": true
        },
        "user_id": {
          "name": "user_id",
          "type": "integer",
          "primaryKey": false,
          "notNull": true
        },
        "scenario_type": {
          "name": "scenario_type",
          "type": "text",
          "primaryKey": false,
          "notNull": true
        },
        "duration": {
          "name": "duration",
          "type": "integer",
          "primaryKey": false,
          "notNull": true
        },
        "fluency_score": {
          "name": "fluency_score",
          "type": "numeric(5, 2)",
          "primaryKey": false,
          "notNull": false
        },
        "pronunciation_score": {
          "name": "pronunciation_score",
          "type": "numeric(5, 2)",
          "primaryKey": false,
          "notNull": false
        },
        "grammar_score": {
          "name": "grammar_score",
          "type": "numeric(5, 2)",
          "primaryKey": false,
          "notNull": false
        },
        "cultural_nuance_score": {
          "name": "cultural_nuance_score",
          "type": "numeric(5, 2)",
          "primaryKey": false,
          "notNull": false
        },
        "overall_score": {
          "name": "overall_score",
          "type": "numeric(5, 2)",
          "primaryKey": false,
          "notNull": false
        },
        "recording_url": {
          "name": "recording_url",
          "type": "text",
          "primaryKey": false,
          "notNull": false
        },
        "ai_transcript": {
          "name": "ai_transcript",
          "type": "text",
          "primaryKey": false,
          "notNull": false
        },
        "ai_feedback": {
          "name": "ai_feedback",
          "type": "text",
          "primaryKey": false,
          "notNull": false
        },
        "completed_at": {
          "name": "completed_at",
          "type": "timestamp",
          "primaryKey": false,
          "notNull": false,
          "default": "now()"
        }
      },
      "indexes": {},
      "foreignKeys": {
        "speaking_sessions_user_id_users_id_fk": {
          "name": "speaking_sessions_user_id_users_id_fk",
          "tableFrom": "speaking_sessions",
          "tableTo": "users",
          "columnsFrom": [
            "user_id"
          ],
          "columnsTo": [
            "id"
          ],
          "onDelete": "no action",
          "onUpdate": "no action"
        }
      },
      "compositePrimaryKeys": {},
      "uniqueConstraints": {},
      "policies": {},
      "checkConstraints": {},
      "isRLSEnabled": false
    },
    "public.user_lesson_progress": {
      "name": "user_lesson_progress",
      "schema": "",
      "columns": {
        "id": {
          "name": "id",
          "type": "serial",
          "primaryKey": true,
          "notNull": true
        },
        "user_id": {
          "name": "user_id",
          "type": "integer",
          "primaryKey": false,
          "notNull": true
        },
        "lesson_id": {
          "name": "lesson_id",
          "type": "integer",
          "primaryKey": false,
          "notNull": true
        },
        "completed": {
          "name": "completed",
          "type": "boolean",
          "primaryKey": false,
          "notNull": false,
          "default": false
        },
        "completed_at": {
          "name": "completed_at",
          "type": "timestamp",
          "primaryKey": false,
          "notNull": false
        },
        "time_spent_seconds": {
          "name": "time_spent_seconds",
          "type": "integer",
          "primaryKey": false,
          "notNull": false,
          "default": 0
        },
        "score": {
          "name": "score",
          "type": "numeric(5, 2)",
          "primaryKey": false,
          "notNull": false
        }
      },
      "indexes": {},
      "foreignKeys": {
        "user_lesson_progress_user_id_users_id_fk": {
          "name": "user_lesson_progress_user_id_users_id_fk",
          "tableFrom": "user_lesson_progress",
          "tableTo": "users",
          "columnsFrom": [
            "user_id"
          ],
          "columnsTo": [
            "id"
          ],
          "onDelete": "no action",
          "onUpdate": "no action"
        },
        "user_lesson_progress_lesson_id_lessons_id_fk": {
          "name": "user_lesson_progress_lesson_id_lessons_id_fk",
          "tableFrom": "user_lesson_progress",
          "tableTo": "lessons",
          "columnsFrom": [
            "lesson_id"
          ],
          "columnsTo": [
            "id"
          ],
          "onDelete": "no action",
          "onUpdate": "no action"
        }
      },
      "compositePrimaryKeys": {},
      "uniqueConstraints": {},
      "policies": {},
      "checkConstraints": {},
      "isRLSEnabled": false
    },
    "public.user_progress": {
      "name": "user_progress",
      "schema": "",
      "columns": {
        "id": {
          "name": "id",
          "type": "serial",
          "primaryKey": true,
          "notNull": true
        },
        "user_id": {
          "name": "user_id",
          "type": "integer",
          "primaryKey": false,
          "notNull": true
        },
        "current_module": {
          "name": "current_module",
          "type": "integer",
          "primaryKey": false,
          "notNull": false,
          "default": 1
        },
        "current_week": {
          "name": "current_week",
          "type": "integer",
          "primaryKey": false,
          "notNull": false,
          "default": 1
        },
        "overall_mastery_score": {
          "name": "overall_mastery_score",
          "type": "numeric(5, 2)",
          "primaryKey": false,
          "notNull": false,
          "default": "'0.00'"
        },
        "total_hours_completed": {
          "name": "total_hours_completed",
          "type": "numeric(8, 2)",
          "primaryKey": false,
          "notNull": false,
          "default": "'0.00'"
        },
        "start_date": {
          "name": "start_date",
          "type": "timestamp",
          "primaryKey": false,
          "notNull": false,
          "default": "now()"
        },
        "expected_completion_date": {
          "name": "expected_completion_date",
          "type": "timestamp",
          "primaryKey": false,
          "notNull": false
        },
        "created_at": {
          "name": "created_at",
          "type": "timestamp",
          "primaryKey": false,
          "notNull": false,
          "default": "now()"
        },
        "updated_at": {
          "name": "updated_at",
          "type": "timestamp",
          "primaryKey": false,
          "notNull": false,
          "default": "now()"
        }
      },
      "indexes": {},
      "foreignKeys": {
        "user_progress_user_id_users_id_fk": {
          "name": "user_progress_user_id_users_id_fk",
          "tableFrom": "user_progress",
          "tableTo": "users",
          "columnsFrom": [
            "user_id"
          ],
          "columnsTo": [
            "id"
          ],
          "onDelete": "no action",
          "onUpdate": "no action"
        }
      },
      "compositePrimaryKeys": {},
      "uniqueConstraints": {},
      "policies": {},
      "checkConstraints": {},
      "isRLSEnabled": false
    },
    "public.user_scenario_practice": {
      "name": "user_scenario_practice",
      "schema": "",
      "columns": {
        "id": {
          "name": "id",
          "type": "serial",
          "primaryKey": true,
          "notNull": true
        },
        "user_id": {
          "name": "user_id",
          "type": "integer",
          "primaryKey": false,
          "notNull": true
        },
        "scenario_id": {
          "name": "scenario_id",
          "type": "integer",
          "primaryKey": false,
          "notNull": true
        },
        "attempt_number": {
          "name": "attempt_number",
          "type": "integer",
          "primaryKey": false,
          "notNull": false,
          "default": 1
        },
        "user_response": {
          "name": "user_response",
          "type": "text",
          "primaryKey": false,
          "notNull": false
        },
        "ai_evaluation": {
          "name": "ai_evaluation",
          "type": "jsonb",
          "primaryKey": false,
          "notNull": false
        },
        "completed_at": {
          "name": "completed_at",
          "type": "timestamp",
          "primaryKey": false,
          "notNull": false,
          "default": "now()"
        }
      },
      "indexes": {},
      "foreignKeys": {
        "user_scenario_practice_user_id_users_id_fk": {
          "name": "user_scenario_practice_user_id_users_id_fk",
          "tableFrom": "user_scenario_practice",
          "tableTo": "users",
          "columnsFrom": [
            "user_id"
          ],
          "columnsTo": [
            "id"
          ],
          "onDelete": "no action",
          "onUpdate": "no action"
        },
        "user_scenario_practice_scenario_id_scenarios_id_fk": {
          "name": "user_scenario_practice_scenario_id_scenarios_id_fk",
          "tableFrom": "user_scenario_practice",
          "tableTo": "scenarios",
          "columnsFrom": [
            "scenario_id"
          ],
          "columnsTo": [
            "id"
          ],
          "onDelete": "no action",
          "onUpdate": "no action"
        }
      },
      "compositePrimaryKeys": {},
      "uniqueConstraints": {},
      "policies": {},
      "checkConstraints": {},
      "isRLSEnabled": false
    },
    "public.users": {
      "name": "users",
      "schema": "",
      "columns": {
        "id": {
          "name": "id",
          "type": "serial",
          "primaryKey": true,
          "notNull": true
        },
        "email": {
          "name": "email",
          "type": "text",
          "primaryKey": false,
          "notNull": true
        },
        "password": {
          "name": "password",
          "type": "text",
          "primaryKey": false,
          "notNull": true
        },
        "first_name": {
          "name": "first_name",
          "type": "text",
          "primaryKey": false,
          "notNull": true
        },
        "last_name": {
          "name": "last_name",
          "type": "text",
          "primaryKey": false,
          "notNull": true
        },
        "created_at": {
          "name": "created_at",
          "type": "timestamp",
          "primaryKey": false,
          "notNull": false,
          "default": "now()"
        },
        "updated_at": {
          "name": "updated_at",
          "type": "timestamp",
          "primaryKey": false,
          "notNull": false,
          "default": "now()"
        }
      },
      "indexes": {},
      "foreignKeys": {},
      "compositePrimaryKeys": {},
      "uniqueConstraints": {
        "users_email_unique": {
          "name": "users_email_unique",
          "nullsNotDistinct": false,
          "columns": [
            "email"
          ]
        }
      },
      "policies": {},
      "checkConstraints": {},
      "isRLSEnabled": false
    }
  },
  "enums": {},
  "schemas": {},
  "sequences": {},
  "roles": {},
  "policies": {},
  "views": {},
  "_meta": {
    "columns": {},
    "schemas": {},
    "tables": {}
  }
}